<?xml version="1.0" encoding="UTF-8"?>
<GenRun Id="impl_1" LaunchPart="xc7a100tcsg324-1" LaunchTime="1705949003">
  <File Type="ROUTE-PWR" Name="Counter_slave_power_routed.rpt"/>
  <File Type="PA-TCL" Name="Counter_slave.tcl"/>
  <File Type="ROUTE-PWR-SUM" Name="Counter_slave_power_summary_routed.pb"/>
  <File Type="REPORTS-TCL" Name="Counter_slave_reports.tcl"/>
  <File Type="OPT-RQA-PB" Name="Counter_slave_rqa_opted.pb"/>
  <File Type="BITSTR-MMI" Name="Counter_slave.mmi"/>
  <File Type="OPT-METHODOLOGY-DRC" Name="Counter_slave_methodology_drc_opted.rpt"/>
  <File Type="INIT-TIMING" Name="Counter_slave_timing_summary_init.rpt"/>
  <File Type="OPT-TIMING" Name="Counter_slave_timing_summary_opted.rpt"/>
  <File Type="OPT-DCP" Name="Counter_slave_opt.dcp"/>
  <File Type="OPT-DRC" Name="Counter_slave_drc_opted.rpt"/>
  <File Type="OPT-HWDEF" Name="Counter_slave.hwdef"/>
  <File Type="PWROPT-DCP" Name="Counter_slave_pwropt.dcp"/>
  <File Type="PWROPT-DRC" Name="Counter_slave_drc_pwropted.rpt"/>
  <File Type="PWROPT-TIMING" Name="Counter_slave_timing_summary_pwropted.rpt"/>
  <File Type="PLACE-DCP" Name="Counter_slave_placed.dcp"/>
  <File Type="PLACE-IO" Name="Counter_slave_io_placed.rpt"/>
  <File Type="PLACE-CLK" Name="Counter_slave_clock_utilization_placed.rpt"/>
  <File Type="PLACE-UTIL" Name="Counter_slave_utilization_placed.rpt"/>
  <File Type="PLACE-UTIL-PB" Name="Counter_slave_utilization_placed.pb"/>
  <File Type="PLACE-CTRL" Name="Counter_slave_control_sets_placed.rpt"/>
  <File Type="PLACE-SIMILARITY" Name="Counter_slave_incremental_reuse_placed.rpt"/>
  <File Type="PLACE-PRE-SIMILARITY" Name="Counter_slave_incremental_reuse_pre_placed.rpt"/>
  <File Type="BG-BIN" Name="Counter_slave.bin"/>
  <File Type="PLACE-TIMING" Name="Counter_slave_timing_summary_placed.rpt"/>
  <File Type="ROUTE-PWR-RPX" Name="Counter_slave_power_routed.rpx"/>
  <File Type="PLACE-RQA-PB" Name="Counter_slave_rqa_placed.pb"/>
  <File Type="POSTPLACE-PWROPT-DCP" Name="Counter_slave_postplace_pwropt.dcp"/>
  <File Type="BITSTR-MSK" Name="Counter_slave.msk"/>
  <File Type="POSTPLACE-PWROPT-TIMING" Name="Counter_slave_timing_summary_postplace_pwropted.rpt"/>
  <File Type="PHYSOPT-DCP" Name="Counter_slave_physopt.dcp"/>
  <File Type="PHYSOPT-DRC" Name="Counter_slave_drc_physopted.rpt"/>
  <File Type="BITSTR-RBT" Name="Counter_slave.rbt"/>
  <File Type="PHYSOPT-TIMING" Name="Counter_slave_timing_summary_physopted.rpt"/>
  <File Type="ROUTE-ERROR-DCP" Name="Counter_slave_routed_error.dcp"/>
  <File Type="ROUTE-DCP" Name="Counter_slave_routed.dcp"/>
  <File Type="ROUTE-BLACKBOX-DCP" Name="Counter_slave_routed_bb.dcp"/>
  <File Type="ROUTE-DRC" Name="Counter_slave_drc_routed.rpt"/>
  <File Type="ROUTE-DRC-PB" Name="Counter_slave_drc_routed.pb"/>
  <File Type="ROUTE-DRC-RPX" Name="Counter_slave_drc_routed.rpx"/>
  <File Type="ROUTE-METHODOLOGY-DRC" Name="Counter_slave_methodology_drc_routed.rpt"/>
  <File Type="ROUTE-METHODOLOGY-DRC-RPX" Name="Counter_slave_methodology_drc_routed.rpx"/>
  <File Type="ROUTE-METHODOLOGY-DRC-PB" Name="Counter_slave_methodology_drc_routed.pb"/>
  <File Type="ROUTE-RQS-PB" Name="Counter_slave_rqs_routed.pb"/>
  <File Type="ROUTE-STATUS" Name="Counter_slave_route_status.rpt"/>
  <File Type="ROUTE-STATUS-PB" Name="Counter_slave_route_status.pb"/>
  <File Type="ROUTE-TIMINGSUMMARY" Name="Counter_slave_timing_summary_routed.rpt"/>
  <File Type="ROUTE-TIMING-PB" Name="Counter_slave_timing_summary_routed.pb"/>
  <File Type="ROUTE-TIMING-RPX" Name="Counter_slave_timing_summary_routed.rpx"/>
  <File Type="ROUTE-SIMILARITY" Name="Counter_slave_incremental_reuse_routed.rpt"/>
  <File Type="ROUTE-CLK" Name="Counter_slave_clock_utilization_routed.rpt"/>
  <File Type="ROUTE-BUS-SKEW" Name="Counter_slave_bus_skew_routed.rpt"/>
  <File Type="ROUTE-BUS-SKEW-PB" Name="Counter_slave_bus_skew_routed.pb"/>
  <File Type="ROUTE-BUS-SKEW-RPX" Name="Counter_slave_bus_skew_routed.rpx"/>
  <File Type="POSTROUTE-PHYSOPT-DCP" Name="Counter_slave_postroute_physopt.dcp"/>
  <File Type="POSTROUTE-PHYSOPT-BLACKBOX-DCP" Name="Counter_slave_postroute_physopt_bb.dcp"/>
  <File Type="POSTROUTE-PHYSOPT-TIMING" Name="TopFunc_timing_summary_postroute_physopted.rpt"/>
  <File Type="POSTROUTE-PHYSOPT-TIMING-PB" Name="TopFunc_timing_summary_postroute_physopted.pb"/>
  <File Type="POSTROUTE-PHYSOPT-TIMING-RPX" Name="TopFunc_timing_summary_postroute_physopted.rpx"/>
  <File Type="POSTROUTE-PHYSOPT-BUS-SKEW" Name="TopFunc_bus_skew_postroute_physopted.rpt"/>
  <File Type="BG-BIT" Name="Counter_slave.bit"/>
  <File Type="POSTROUTE-PHYSOPT-BUS-SKEW-PB" Name="TopFunc_bus_skew_postroute_physopted.pb"/>
  <File Type="POSTROUTE-PHYSOPT-BUS-SKEW-RPX" Name="TopFunc_bus_skew_postroute_physopted.rpx"/>
  <File Type="BITSTR-NKY" Name="Counter_slave.nky"/>
  <File Type="BITSTR-BMM" Name="Counter_slave_bd.bmm"/>
  <File Type="PDI-FILE" Name="Counter_slave.pdi"/>
  <File Type="BOOT-PDI-FILE" Name="Counter_slave_boot.pdi"/>
  <File Type="PL-PDI-FILE" Name="Counter_slave_pld.pdi"/>
  <File Type="RCFI_FILE" Name="Counter_slave.rcfi"/>
  <File Type="CFI_FILE" Name="Counter_slave.cfi"/>
  <File Type="RNPI_FILE" Name="Counter_slave.rnpi"/>
  <File Type="NPI_FILE" Name="Counter_slave.npi"/>
  <File Type="RBD_FILE" Name="Counter_slave.rbd"/>
  <File Type="BITSTR-LTX" Name="debug_nets.ltx"/>
  <File Type="BITSTR-LTX" Name="Counter_slave.ltx"/>
  <File Type="BITSTR-SYSDEF" Name="Counter_slave.sysdef"/>
  <File Type="BG-BGN" Name="Counter_slave.bgn"/>
  <File Type="BG-DRC" Name="Counter_slave.drc"/>
  <File Type="RDI-RDI" Name="Counter_slave.vdi"/>
  <File Type="WBT-USG" Name="usage_statistics_webtalk.html"/>
  <File Type="ROUTE-RQS" Name="Counter_slave_routed.rqs"/>
  <File Type="POSTROUTE-PHYSOPT-RQS" Name="Counter_slave_postroute_physopted.rqs"/>
  <File Type="ROUTE-RQS-RPT" Name="route_report_qor_suggestions_0.rpt"/>
  <File Type="POSTROUTE-PHYSOPT-RQS-RPT" Name="postroute_physopt_report_qor_suggestions_0.rpt"/>
  <FileSet Name="sources" Type="DesignSrcs" RelSrcDir="$PSRCDIR/sources_1" RelGenDir="$PGENDIR/sources_1">
    <Filter Type="Srcs"/>
    <File Path="$PSRCDIR/sources_1/new/RealTimeClock.vhd">
      <FileInfo>
        <Attr Name="UsedIn" Val="synthesis"/>
        <Attr Name="UsedIn" Val="simulation"/>
      </FileInfo>
    </File>
    <File Path="$PSRCDIR/sources_1/imports/new/i2cslave.vhd">
      <FileInfo>
        <Attr Name="ImportPath" Val="$PPRDIR/../mpu_demo_coms/mpu_demo_coms.srcs/sources_1/new/i2cslave.vhd"/>
        <Attr Name="ImportTime" Val="1700758072"/>
        <Attr Name="UsedIn" Val="synthesis"/>
        <Attr Name="UsedIn" Val="simulation"/>
      </FileInfo>
    </File>
    <File Path="$PSRCDIR/sources_1/imports/new/Counter_slave.vhd">
      <FileInfo>
        <Attr Name="ImportPath" Val="$PPRDIR/../mpu_demo_coms/mpu_demo_coms.srcs/sources_1/new/Counter_slave.vhd"/>
        <Attr Name="ImportTime" Val="1700758962"/>
        <Attr Name="UsedIn" Val="synthesis"/>
        <Attr Name="UsedIn" Val="simulation"/>
      </FileInfo>
    </File>
    <File Path="$PSRCDIR/sources_1/imports/new/hex_controller.vhd">
      <FileInfo>
        <Attr Name="AutoDisabled" Val="1"/>
        <Attr Name="ImportPath" Val="$PPRDIR/../mpu_demo_coms/mpu_demo_coms.srcs/sources_1/new/hex_controller.vhd"/>
        <Attr Name="ImportTime" Val="1700759037"/>
        <Attr Name="UsedIn" Val="synthesis"/>
        <Attr Name="UsedIn" Val="simulation"/>
      </FileInfo>
    </File>
    <File Path="$PSRCDIR/sources_1/imports/new/i2cmaster.vhd">
      <FileInfo>
        <Attr Name="AutoDisabled" Val="1"/>
        <Attr Name="ImportPath" Val="$PPRDIR/../mpu_demo_coms/mpu_demo_coms.srcs/sources_1/new/i2cmaster.vhd"/>
        <Attr Name="ImportTime" Val="1700758072"/>
        <Attr Name="UsedIn" Val="synthesis"/>
        <Attr Name="UsedIn" Val="simulation"/>
      </FileInfo>
    </File>
    <File Path="$PSRCDIR/sources_1/imports/new/Display_master.vhd">
      <FileInfo>
        <Attr Name="AutoDisabled" Val="1"/>
        <Attr Name="ImportPath" Val="$PPRDIR/../mpu_demo_coms/mpu_demo_coms.srcs/sources_1/new/Display_master.vhd"/>
        <Attr Name="ImportTime" Val="1700758739"/>
        <Attr Name="UsedIn" Val="synthesis"/>
        <Attr Name="UsedIn" Val="simulation"/>
      </FileInfo>
    </File>
    <File Path="$PSRCDIR/sources_1/imports/new/TopFunc.vhd">
      <FileInfo>
        <Attr Name="AutoDisabled" Val="1"/>
        <Attr Name="ImportPath" Val="$PPRDIR/../mpu_demo_coms/mpu_demo_coms.srcs/sources_1/new/TopFunc.vhd"/>
        <Attr Name="ImportTime" Val="1700921782"/>
        <Attr Name="UsedIn" Val="synthesis"/>
        <Attr Name="UsedIn" Val="simulation"/>
      </FileInfo>
    </File>
    <Config>
      <Option Name="DesignMode" Val="RTL"/>
      <Option Name="TopModule" Val="Counter_slave"/>
      <Option Name="TopLib" Val="xil_defaultlib"/>
      <Option Name="TopArchitecture" Val="Behavioral"/>
      <Option Name="TopRTLFile" Val="$PSRCDIR/sources_1/imports/new/Counter_slave.vhd"/>
    </Config>
  </FileSet>
  <FileSet Name="constrs_in" Type="Constrs" RelSrcDir="$PSRCDIR/constrs_1" RelGenDir="$PGENDIR/constrs_1">
    <Filter Type="Constrs"/>
    <File Path="$PSRCDIR/constrs_1/new/Nexys-4-Master.xdc">
      <FileInfo>
        <Attr Name="UsedIn" Val="synthesis"/>
        <Attr Name="UsedIn" Val="implementation"/>
      </FileInfo>
    </File>
    <Config>
      <Option Name="ConstrsType" Val="XDC"/>
    </Config>
  </FileSet>
  <FileSet Name="utils" Type="Utils" RelSrcDir="$PSRCDIR/utils_1" RelGenDir="$PGENDIR/utils_1">
    <Filter Type="Utils"/>
    <File Path="$PSRCDIR/utils_1/imports/synth_1/TopFunc.dcp">
      <FileInfo>
        <Attr Name="UsedIn" Val="synthesis"/>
        <Attr Name="UsedIn" Val="implementation"/>
        <Attr Name="UsedInSteps" Val="synth_1"/>
        <Attr Name="AutoDcp" Val="1"/>
      </FileInfo>
    </File>
    <Config>
      <Option Name="TopAutoSet" Val="TRUE"/>
    </Config>
  </FileSet>
  <Strategy Version="1" Minor="2">
    <StratHandle Name="Vivado Implementation Defaults" Flow="Vivado Implementation 2023"/>
    <Step Id="init_design"/>
    <Step Id="opt_design"/>
    <Step Id="power_opt_design"/>
    <Step Id="place_design"/>
    <Step Id="post_place_power_opt_design"/>
    <Step Id="phys_opt_design"/>
    <Step Id="route_design"/>
    <Step Id="post_route_phys_opt_design"/>
    <Step Id="write_bitstream"/>
  </Strategy>
</GenRun>
