<?xml version="1.0" encoding="UTF-8"?>
<GenRun Id="synth_1" LaunchPart="xc7a100tcsg324-1" LaunchTime="1705949003" LaunchIncrCheckpoint="$PSRCDIR/utils_1/imports/synth_1/TopFunc.dcp">
  <File Type="PA-TCL" Name="Counter_slave.tcl"/>
  <File Type="RDS-PROPCONSTRS" Name="Counter_slave_drc_synth.rpt"/>
  <File Type="REPORTS-TCL" Name="Counter_slave_reports.tcl"/>
  <File Type="RDS-RDS" Name="Counter_slave.vds"/>
  <File Type="RDS-UTIL" Name="Counter_slave_utilization_synth.rpt"/>
  <File Type="RDS-UTIL-PB" Name="Counter_slave_utilization_synth.pb"/>
  <File Type="RDS-DCP" Name="Counter_slave.dcp"/>
  <File Type="VDS-TIMINGSUMMARY" Name="Counter_slave_timing_summary_synth.rpt"/>
  <File Type="VDS-TIMING-PB" Name="Counter_slave_timing_summary_synth.pb"/>
  <FileSet Name="sources" Type="DesignSrcs" RelSrcDir="$PSRCDIR/sources_1" RelGenDir="$PGENDIR/sources_1">
    <Filter Type="Srcs"/>
    <File Path="$PSRCDIR/sources_1/new/RealTimeClock.vhd">
      <FileInfo>
        <Attr Name="UsedIn" Val="synthesis"/>
        <Attr Name="UsedIn" Val="simulation"/>
      </FileInfo>
    </File>
    <File Path="$PSRCDIR/sources_1/imports/new/i2cslave.vhd">
      <FileInfo>
        <Attr Name="ImportPath" Val="$PPRDIR/../mpu_demo_coms/mpu_demo_coms.srcs/sources_1/new/i2cslave.vhd"/>
        <Attr Name="ImportTime" Val="1700758072"/>
        <Attr Name="UsedIn" Val="synthesis"/>
        <Attr Name="UsedIn" Val="simulation"/>
      </FileInfo>
    </File>
    <File Path="$PSRCDIR/sources_1/imports/new/Counter_slave.vhd">
      <FileInfo>
        <Attr Name="ImportPath" Val="$PPRDIR/../mpu_demo_coms/mpu_demo_coms.srcs/sources_1/new/Counter_slave.vhd"/>
        <Attr Name="ImportTime" Val="1700758962"/>
        <Attr Name="UsedIn" Val="synthesis"/>
        <Attr Name="UsedIn" Val="simulation"/>
      </FileInfo>
    </File>
    <File Path="$PSRCDIR/sources_1/imports/new/hex_controller.vhd">
      <FileInfo>
        <Attr Name="AutoDisabled" Val="1"/>
        <Attr Name="ImportPath" Val="$PPRDIR/../mpu_demo_coms/mpu_demo_coms.srcs/sources_1/new/hex_controller.vhd"/>
        <Attr Name="ImportTime" Val="1700759037"/>
        <Attr Name="UsedIn" Val="synthesis"/>
        <Attr Name="UsedIn" Val="simulation"/>
      </FileInfo>
    </File>
    <File Path="$PSRCDIR/sources_1/imports/new/i2cmaster.vhd">
      <FileInfo>
        <Attr Name="AutoDisabled" Val="1"/>
        <Attr Name="ImportPath" Val="$PPRDIR/../mpu_demo_coms/mpu_demo_coms.srcs/sources_1/new/i2cmaster.vhd"/>
        <Attr Name="ImportTime" Val="1700758072"/>
        <Attr Name="UsedIn" Val="synthesis"/>
        <Attr Name="UsedIn" Val="simulation"/>
      </FileInfo>
    </File>
    <File Path="$PSRCDIR/sources_1/imports/new/Display_master.vhd">
      <FileInfo>
        <Attr Name="AutoDisabled" Val="1"/>
        <Attr Name="ImportPath" Val="$PPRDIR/../mpu_demo_coms/mpu_demo_coms.srcs/sources_1/new/Display_master.vhd"/>
        <Attr Name="ImportTime" Val="1700758739"/>
        <Attr Name="UsedIn" Val="synthesis"/>
        <Attr Name="UsedIn" Val="simulation"/>
      </FileInfo>
    </File>
    <File Path="$PSRCDIR/sources_1/imports/new/TopFunc.vhd">
      <FileInfo>
        <Attr Name="AutoDisabled" Val="1"/>
        <Attr Name="ImportPath" Val="$PPRDIR/../mpu_demo_coms/mpu_demo_coms.srcs/sources_1/new/TopFunc.vhd"/>
        <Attr Name="ImportTime" Val="1700921782"/>
        <Attr Name="UsedIn" Val="synthesis"/>
        <Attr Name="UsedIn" Val="simulation"/>
      </FileInfo>
    </File>
    <Config>
      <Option Name="DesignMode" Val="RTL"/>
      <Option Name="TopModule" Val="Counter_slave"/>
      <Option Name="TopLib" Val="xil_defaultlib"/>
      <Option Name="TopArchitecture" Val="Behavioral"/>
      <Option Name="TopRTLFile" Val="$PSRCDIR/sources_1/imports/new/Counter_slave.vhd"/>
    </Config>
  </FileSet>
  <FileSet Name="constrs_in" Type="Constrs" RelSrcDir="$PSRCDIR/constrs_1" RelGenDir="$PGENDIR/constrs_1">
    <Filter Type="Constrs"/>
    <File Path="$PSRCDIR/constrs_1/new/Nexys-4-Master.xdc">
      <FileInfo>
        <Attr Name="UsedIn" Val="synthesis"/>
        <Attr Name="UsedIn" Val="implementation"/>
      </FileInfo>
    </File>
    <Config>
      <Option Name="ConstrsType" Val="XDC"/>
    </Config>
  </FileSet>
  <FileSet Name="utils" Type="Utils" RelSrcDir="$PSRCDIR/utils_1" RelGenDir="$PGENDIR/utils_1">
    <Filter Type="Utils"/>
    <File Path="$PSRCDIR/utils_1/imports/synth_1/TopFunc.dcp">
      <FileInfo>
        <Attr Name="UsedIn" Val="synthesis"/>
        <Attr Name="UsedIn" Val="implementation"/>
        <Attr Name="UsedInSteps" Val="synth_1"/>
        <Attr Name="AutoDcp" Val="1"/>
      </FileInfo>
    </File>
    <Config>
      <Option Name="TopAutoSet" Val="TRUE"/>
    </Config>
  </FileSet>
  <Strategy Version="1" Minor="2">
    <StratHandle Name="Vivado Synthesis Defaults" Flow="Vivado Synthesis 2023"/>
    <Step Id="synth_design"/>
  </Strategy>
</GenRun>
